Workbook

Sheet Matching rule requirements
B1: Required media platforms | Q1: For DoubleClick | S1: For Gtag | T1: For Meta | V1: The Trade Desk | X1: Taboola | Z1: Appier
A3: Remarks | B3: DoubleClick (Fill in by MKG) | C3: Gtag (Fill in by MKG) | D3: Meta (Fill in by MKG) | E3: The Trade Desk (Fill in by MKG) | F3: Taboola (Fill in by MKG) | G3: Appier (Fill in my MKG) | H3: Page or event? (Fill in by MKG) | I3: Page (Fill in by MKG, e.g. PWS Account Opening product page) | J3: Event details (Fill in by MKG, e.g. Clicked Apply now button) | K3: Language [Read Note on this cell] (Fill in by MKG) | L3: URL path name [without domain and language code; read Note on this cell] (Fill in by MKG, e.g. /personal/cards/products/co-branded/enjoy-card/ e.g. /cms/emkt/pmo/grp06/p04/) | M3: event_value [Tealium tagging value for matching rule setup in Tealium & AEM] (For PWS pages, assign by DBG) (For CMS promotion pages, fill in by MKG) | N3: page_name [Tealium tagging value] {For PWS pages, assign by DBG) (For CMS promotion pages, fill in by MKG) | O3: product_id [Optional Tealium tagging value for PWS only] (Assign by DBG) | P3: Button ID - for event only (Fill in by MKG by referring to page source) | Q3: type (Group Tag String) (Assigned by MKG) | R3: cat (Activity Tag String) (Assigned by MKG) | S3: Gtag Event snippet (Conversion ID / Conversion label) (Assigned by MKG) | T3: Master Pixel ID (Assigned by MKG) | U3: EV value (Assigned by MKG) | V3: Account ID (Assigned by MKG) | W3: CT value (Assigned by MKG) | X3: Account ID (Assigned by MKG) | Y3: EN value (Assigned by MKG) | Z3: type (Assigned by MKG) | AA3: action_id (Assigned by MKG) | AB3: track_id (Assigned by MKG)
P15: =IF(AND($D15='Drop-down'!A$2,$H15="page",$L15<>""),"(Not applicable)","")
P16: =IF(AND($D16='Drop-down'!A$2,$H16="page",$L16<>""),"(Not applicable)","")
P17: =IF(AND($D17='Drop-down'!A$2,$H17="page",$L17<>""),"(Not applicable)","")
P18: =IF(AND($D18='Drop-down'!A$2,$H18="page",$L18<>""),"(Not applicable)","")
P19: =IF(AND($D19='Drop-down'!A$2,$H19="page",$L19<>""),"(Not applicable)","")
P20: =IF(AND($D20='Drop-down'!A$2,$H20="page",$L20<>""),"(Not applicable)","")
P21: =IF(AND($D21='Drop-down'!A$2,$H21="page",$L21<>""),"(Not applicable)","")
P22: =IF(AND($D22='Drop-down'!A$2,$H22="page",$L22<>""),"(Not applicable)","")
P23: =IF(AND($D23='Drop-down'!A$2,$H23="page",$L23<>""),"(Not applicable)","")
P24: =IF(AND($D24='Drop-down'!A$2,$H24="page",$L24<>""),"(Not applicable)","")
P25: =IF(AND($D25='Drop-down'!A$2,$H25="page",$L25<>""),"(Not applicable)","")
P26: =IF(AND($D26='Drop-down'!A$2,$H26="page",$L26<>""),"(Not applicable)","")
... P190: =IF(AND($D190='Drop-down'!A$2,$H190="page",$L190<>""),"(Not applicable)","")

Sheet Drop-down
A1: Applicable platform | B1: Page or event | C1: Language
A2: Required | B2: page | C2: (All)
A3: Not required | B3: event | C3: /en-hk
C4: /zh-hk
C5: /zh-cn
